{"parent":"item/handheld","textures":{"layer0":"item/clay_ball"},"overrides":[{"predicate":{"custom_model_data":1},"model":"item/clay_ball/1"},{"predicate":{"custom_model_data":2},"model":"item/clay_ball/2"},{"predicate":{"custom_model_data":3},"model":"item/clay_ball/3"},{"predicate":{"custom_model_data":4},"model":"item/clay_ball/4"},{"predicate":{"custom_model_data":5},"model":"item/clay_ball/5"},{"predicate":{"custom_model_data":6},"model":"item/clay_ball/6"},{"predicate":{"custom_model_data":7},"model":"item/clay_ball/7"},{"predicate":{"custom_model_data":8},"model":"item/clay_ball/8"},{"predicate":{"custom_model_data":9},"model":"item/clay_ball/9"},{"predicate":{"custom_model_data":11},"model":"item/clay_ball/11"},{"predicate":{"custom_model_data":12},"model":"item/clay_ball/12"},{"predicate":{"custom_model_data":13},"model":"item/clay_ball/13"},{"predicate":{"custom_model_data":14},"model":"item/clay_ball/14"}]}