{"parent":"item/generated","textures":{"layer0":"item/crossbow_standby"},"display":{"thirdperson_righthand":{"rotation":[-90,0,-60],"translation":[2,0.1,-3],"scale":[0.9,0.9,0.9]},"thirdperson_lefthand":{"rotation":[-90,0,30],"translation":[2,0.1,-3],"scale":[0.9,0.9,0.9]},"firstperson_righthand":{"rotation":[-90,0,-55],"translation":[1.13,3.2,1.13],"scale":[0.68,0.68,0.68]},"firstperson_lefthand":{"rotation":[-90,0,35],"translation":[1.13,3.2,1.13],"scale":[0.68,0.68,0.68]}},"overrides":[{"predicate":{"pulling":1},"model":"item/crossbow_pulling_0/0"},{"predicate":{"pulling":1,"pull":0.58},"model":"item/crossbow_pulling_1/0"},{"predicate":{"pulling":1,"pull":1.0},"model":"item/crossbow_pulling_2/0"},{"predicate":{"charged":1},"model":"item/crossbow_arrow/0"},{"predicate":{"charged":1,"firework":1},"model":"item/crossbow_firework/0"},{"predicate":{"custom_model_data":1},"model":"item/crossbow_standby/1"},{"predicate":{"pulling":1,"custom_model_data":1},"model":"item/crossbow_pulling_0/1"},{"predicate":{"pulling":1,"pull":0.58,"custom_model_data":1},"model":"item/crossbow_pulling_1/1"},{"predicate":{"pulling":1,"pull":1.0,"custom_model_data":1},"model":"item/crossbow_pulling_2/1"},{"predicate":{"charged":1,"custom_model_data":1},"model":"item/crossbow_arrow/1"},{"predicate":{"charged":1,"firework":1,"custom_model_data":1},"model":"item/crossbow_firework/1"},{"predicate":{"custom_model_data":2},"model":"item/crossbow_standby/2"},{"predicate":{"pulling":1,"custom_model_data":2},"model":"item/crossbow_pulling_0/2"},{"predicate":{"pulling":1,"pull":0.58,"custom_model_data":2},"model":"item/crossbow_pulling_1/2"},{"predicate":{"pulling":1,"pull":1.0,"custom_model_data":2},"model":"item/crossbow_pulling_2/2"},{"predicate":{"charged":1,"custom_model_data":2},"model":"item/crossbow_arrow/2"},{"predicate":{"charged":1,"firework":1,"custom_model_data":2},"model":"item/crossbow_firework/2"},{"predicate":{"custom_model_data":3},"model":"item/crossbow_standby/3"},{"predicate":{"pulling":1,"custom_model_data":3},"model":"item/crossbow_pulling_0/3"},{"predicate":{"pulling":1,"pull":0.58,"custom_model_data":3},"model":"item/crossbow_pulling_1/3"},{"predicate":{"pulling":1,"pull":1.0,"custom_model_data":3},"model":"item/crossbow_pulling_2/3"},{"predicate":{"charged":1,"custom_model_data":3},"model":"item/crossbow_arrow/3"},{"predicate":{"charged":1,"firework":1,"custom_model_data":3},"model":"item/crossbow_firework/3"},{"predicate":{"custom_model_data":4},"model":"item/crossbow_standby/4"},{"predicate":{"pulling":1,"custom_model_data":4},"model":"item/crossbow_pulling_0/4"},{"predicate":{"pulling":1,"pull":0.58,"custom_model_data":4},"model":"item/crossbow_pulling_1/4"},{"predicate":{"pulling":1,"pull":1.0,"custom_model_data":4},"model":"item/crossbow_pulling_2/4"},{"predicate":{"charged":1,"custom_model_data":4},"model":"item/crossbow_arrow/4"},{"predicate":{"charged":1,"firework":1,"custom_model_data":4},"model":"item/crossbow_firework/4"},{"predicate":{"custom_model_data":5},"model":"item/crossbow_standby/5"},{"predicate":{"pulling":1,"custom_model_data":5},"model":"item/crossbow_pulling_0/5"},{"predicate":{"pulling":1,"pull":0.58,"custom_model_data":5},"model":"item/crossbow_pulling_1/5"},{"predicate":{"pulling":1,"pull":1.0,"custom_model_data":5},"model":"item/crossbow_pulling_2/5"},{"predicate":{"charged":1,"custom_model_data":5},"model":"item/crossbow_arrow/5"},{"predicate":{"charged":1,"firework":1,"custom_model_data":5},"model":"item/crossbow_firework/5"},{"predicate":{"custom_model_data":6},"model":"item/crossbow_standby/6"},{"predicate":{"pulling":1,"custom_model_data":6},"model":"item/crossbow_pulling_0/6"},{"predicate":{"pulling":1,"pull":0.58,"custom_model_data":6},"model":"item/crossbow_pulling_1/6"},{"predicate":{"pulling":1,"pull":1.0,"custom_model_data":6},"model":"item/crossbow_pulling_2/6"},{"predicate":{"charged":1,"custom_model_data":6},"model":"item/crossbow_arrow/6"},{"predicate":{"charged":1,"firework":1,"custom_model_data":6},"model":"item/crossbow_firework/6"},{"predicate":{"custom_model_data":7},"model":"item/crossbow_standby/7"},{"predicate":{"pulling":1,"custom_model_data":7},"model":"item/crossbow_pulling_0/7"},{"predicate":{"pulling":1,"pull":0.58,"custom_model_data":7},"model":"item/crossbow_pulling_1/7"},{"predicate":{"pulling":1,"pull":1.0,"custom_model_data":7},"model":"item/crossbow_pulling_2/7"},{"predicate":{"charged":1,"custom_model_data":7},"model":"item/crossbow_arrow/7"},{"predicate":{"charged":1,"firework":1,"custom_model_data":7},"model":"item/crossbow_firework/7"}]}