{"parent":"item/handheld","textures":{"layer0":"item/iron_horse_armor"},"overrides":[{"predicate":{"custom_model_data":1},"model":"item/iron_horse_armor/1"},{"predicate":{"custom_model_data":2},"model":"item/iron_horse_armor/2"},{"predicate":{"custom_model_data":3},"model":"item/iron_horse_armor/3"},{"predicate":{"custom_model_data":4},"model":"item/iron_horse_armor/4"},{"predicate":{"custom_model_data":5},"model":"item/iron_horse_armor/5"},{"predicate":{"custom_model_data":6},"model":"item/iron_horse_armor/6"},{"predicate":{"custom_model_data":7},"model":"item/iron_horse_armor/7"},{"predicate":{"custom_model_data":8},"model":"item/iron_horse_armor/8"},{"predicate":{"custom_model_data":11},"model":"item/iron_horse_armor/11"},{"predicate":{"custom_model_data":12},"model":"item/iron_horse_armor/12"},{"predicate":{"custom_model_data":13},"model":"item/iron_horse_armor/13"},{"predicate":{"custom_model_data":14},"model":"item/iron_horse_armor/14"},{"predicate":{"custom_model_data":15},"model":"item/iron_horse_armor/15"},{"predicate":{"custom_model_data":16},"model":"item/iron_horse_armor/16"},{"predicate":{"custom_model_data":17},"model":"item/iron_horse_armor/17"},{"predicate":{"custom_model_data":18},"model":"item/iron_horse_armor/18"},{"predicate":{"custom_model_data":21},"model":"item/iron_horse_armor/21"},{"predicate":{"custom_model_data":22},"model":"item/iron_horse_armor/22"},{"predicate":{"custom_model_data":23},"model":"item/iron_horse_armor/23"},{"predicate":{"custom_model_data":24},"model":"item/iron_horse_armor/24"},{"predicate":{"custom_model_data":25},"model":"item/iron_horse_armor/25"},{"predicate":{"custom_model_data":26},"model":"item/iron_horse_armor/26"},{"predicate":{"custom_model_data":27},"model":"item/iron_horse_armor/27"},{"predicate":{"custom_model_data":28},"model":"item/iron_horse_armor/28"},{"predicate":{"custom_model_data":31},"model":"item/iron_horse_armor/31"},{"predicate":{"custom_model_data":32},"model":"item/iron_horse_armor/32"},{"predicate":{"custom_model_data":33},"model":"item/iron_horse_armor/33"},{"predicate":{"custom_model_data":34},"model":"item/iron_horse_armor/34"},{"predicate":{"custom_model_data":35},"model":"item/iron_horse_armor/35"},{"predicate":{"custom_model_data":36},"model":"item/iron_horse_armor/36"},{"predicate":{"custom_model_data":37},"model":"item/iron_horse_armor/37"},{"predicate":{"custom_model_data":38},"model":"item/iron_horse_armor/38"}]}