{"parent":"item/handheld","textures":{"layer0":"item/wooden_hoe"},"overrides":[{"predicate":{"custom_model_data":2},"model":"item/wooden_hoe/2"},{"predicate":{"custom_model_data":3},"model":"item/wooden_hoe/3"},{"predicate":{"custom_model_data":4},"model":"item/wooden_hoe/4"},{"predicate":{"custom_model_data":5},"model":"item/wooden_hoe/5"},{"predicate":{"custom_model_data":6},"model":"item/wooden_hoe/6"},{"predicate":{"custom_model_data":7},"model":"item/wooden_hoe/7"},{"predicate":{"custom_model_data":8},"model":"item/wooden_hoe/8"},{"predicate":{"custom_model_data":11},"model":"item/wooden_hoe/11"},{"predicate":{"custom_model_data":12},"model":"item/wooden_hoe/12"},{"predicate":{"custom_model_data":13},"model":"item/wooden_hoe/13"},{"predicate":{"custom_model_data":14},"model":"item/wooden_hoe/14"},{"predicate":{"custom_model_data":15},"model":"item/wooden_hoe/15"},{"predicate":{"custom_model_data":16},"model":"item/wooden_hoe/16"},{"predicate":{"custom_model_data":17},"model":"item/wooden_hoe/17"},{"predicate":{"custom_model_data":18},"model":"item/wooden_hoe/18"}]}