{"parent":"item/handheld","textures":{"layer0":"item/wooden_pickaxe"},"overrides":[{"predicate":{"custom_model_data":2},"model":"item/wooden_pickaxe/2"},{"predicate":{"custom_model_data":3},"model":"item/wooden_pickaxe/3"},{"predicate":{"custom_model_data":4},"model":"item/wooden_pickaxe/4"},{"predicate":{"custom_model_data":5},"model":"item/wooden_pickaxe/5"},{"predicate":{"custom_model_data":6},"model":"item/wooden_pickaxe/6"},{"predicate":{"custom_model_data":7},"model":"item/wooden_pickaxe/7"},{"predicate":{"custom_model_data":8},"model":"item/wooden_pickaxe/8"}]}