{"parent":"item/handheld","textures":{"layer0":"item/wooden_hoe"},"overrides":[{"predicate":{"custom_model_data":2},"model":"item/wooden_hoe/2"},{"predicate":{"custom_model_data":3},"model":"item/wooden_hoe/3"},{"predicate":{"custom_model_data":4},"model":"item/wooden_hoe/4"},{"predicate":{"custom_model_data":5},"model":"item/wooden_hoe/5"},{"predicate":{"custom_model_data":6},"model":"item/wooden_hoe/6"},{"predicate":{"custom_model_data":7},"model":"item/wooden_hoe/7"},{"predicate":{"custom_model_data":8},"model":"item/wooden_hoe/8"},{"predicate":{"custom_model_data":11},"model":"item/wooden_hoe/11"},{"predicate":{"custom_model_data":12},"model":"item/wooden_hoe/12"},{"predicate":{"custom_model_data":13},"model":"item/wooden_hoe/13"},{"predicate":{"custom_model_data":14},"model":"item/wooden_hoe/14"},{"predicate":{"custom_model_data":15},"model":"item/wooden_hoe/15"},{"predicate":{"custom_model_data":16},"model":"item/wooden_hoe/16"},{"predicate":{"custom_model_data":17},"model":"item/wooden_hoe/17"},{"predicate":{"custom_model_data":18},"model":"item/wooden_hoe/18"},{"predicate":{"custom_model_data":21},"model":"item/wooden_hoe/21"},{"predicate":{"custom_model_data":22},"model":"item/wooden_hoe/22"},{"predicate":{"custom_model_data":23},"model":"item/wooden_hoe/23"},{"predicate":{"custom_model_data":24},"model":"item/wooden_hoe/24"},{"predicate":{"custom_model_data":25},"model":"item/wooden_hoe/25"},{"predicate":{"custom_model_data":26},"model":"item/wooden_hoe/26"},{"predicate":{"custom_model_data":27},"model":"item/wooden_hoe/27"},{"predicate":{"custom_model_data":28},"model":"item/wooden_hoe/28"},{"predicate":{"custom_model_data":31},"model":"item/wooden_hoe/31"},{"predicate":{"custom_model_data":32},"model":"item/wooden_hoe/32"},{"predicate":{"custom_model_data":33},"model":"item/wooden_hoe/33"},{"predicate":{"custom_model_data":34},"model":"item/wooden_hoe/34"},{"predicate":{"custom_model_data":35},"model":"item/wooden_hoe/35"},{"predicate":{"custom_model_data":36},"model":"item/wooden_hoe/36"},{"predicate":{"custom_model_data":37},"model":"item/wooden_hoe/37"},{"predicate":{"custom_model_data":38},"model":"item/wooden_hoe/38"}]}