{"parent":"item/handheld","textures":{"layer0":"item/wooden_sword"},"overrides":[{"predicate":{"custom_model_data":2},"model":"item/wooden_sword/2"},{"predicate":{"custom_model_data":3},"model":"item/wooden_sword/3"},{"predicate":{"custom_model_data":4},"model":"item/wooden_sword/4"},{"predicate":{"custom_model_data":5},"model":"item/wooden_sword/5"},{"predicate":{"custom_model_data":6},"model":"item/wooden_sword/6"},{"predicate":{"custom_model_data":7},"model":"item/wooden_sword/7"},{"predicate":{"custom_model_data":8},"model":"item/wooden_sword/8"},{"predicate":{"custom_model_data":11},"model":"item/wooden_sword/11"},{"predicate":{"custom_model_data":12},"model":"item/wooden_sword/12"},{"predicate":{"custom_model_data":13},"model":"item/wooden_sword/13"},{"predicate":{"custom_model_data":14},"model":"item/wooden_sword/14"},{"predicate":{"custom_model_data":15},"model":"item/wooden_sword/15"},{"predicate":{"custom_model_data":16},"model":"item/wooden_sword/16"},{"predicate":{"custom_model_data":17},"model":"item/wooden_sword/17"},{"predicate":{"custom_model_data":18},"model":"item/wooden_sword/18"},{"predicate":{"custom_model_data":21},"model":"item/wooden_sword/21"},{"predicate":{"custom_model_data":22},"model":"item/wooden_sword/22"},{"predicate":{"custom_model_data":23},"model":"item/wooden_sword/23"},{"predicate":{"custom_model_data":24},"model":"item/wooden_sword/24"},{"predicate":{"custom_model_data":25},"model":"item/wooden_sword/25"},{"predicate":{"custom_model_data":26},"model":"item/wooden_sword/26"},{"predicate":{"custom_model_data":27},"model":"item/wooden_sword/27"},{"predicate":{"custom_model_data":28},"model":"item/wooden_sword/28"},{"predicate":{"custom_model_data":31},"model":"item/wooden_sword/31"},{"predicate":{"custom_model_data":32},"model":"item/wooden_sword/32"},{"predicate":{"custom_model_data":33},"model":"item/wooden_sword/33"},{"predicate":{"custom_model_data":34},"model":"item/wooden_sword/34"},{"predicate":{"custom_model_data":35},"model":"item/wooden_sword/35"},{"predicate":{"custom_model_data":36},"model":"item/wooden_sword/36"},{"predicate":{"custom_model_data":37},"model":"item/wooden_sword/37"},{"predicate":{"custom_model_data":38},"model":"item/wooden_sword/38"},{"predicate":{"custom_model_data":41},"model":"item/wooden_sword/41"},{"predicate":{"custom_model_data":42},"model":"item/wooden_sword/42"},{"predicate":{"custom_model_data":43},"model":"item/wooden_sword/43"},{"predicate":{"custom_model_data":44},"model":"item/wooden_sword/44"},{"predicate":{"custom_model_data":45},"model":"item/wooden_sword/45"},{"predicate":{"custom_model_data":46},"model":"item/wooden_sword/46"},{"predicate":{"custom_model_data":47},"model":"item/wooden_sword/47"},{"predicate":{"custom_model_data":48},"model":"item/wooden_sword/48"}]}