{"parent":"item/handheld","textures":{"layer0":"item/wooden_sword/48"},"display":{"thirdperson_righthand":{"rotation":[45,90,0],"translation":[0,22,0],"scale":[2.5,2.5,2.5]},"thirdperson_lefthand":{"rotation":[45,-90,0],"translation":[0,22,0],"scale":[2.5,2.5,2.5]},"firstperson_righthand":{"rotation":[30,90,25],"translation":[5,16,0],"scale":[2.5,2.5,2.5]},"firstperson_lefthand":{"rotation":[30,-90,-25],"translation":[5,16,0],"scale":[2.5,2.5,2.5]},"ground":{"rotation":[0,0,0],"translation":[0,8,0],"scale":[2,2,2]},"head":{"rotation":[0,90,-35],"translation":[0,10,-25],"scale":[2.5,2.5,2.5]}}}